"Card_1_ID","Card_2_ID","Card_3_ID","Card_4_ID","Bonus Points","Score_Pop-up"
"2_2_6","2_3_9","2_4_13","2_5_16","6","🏆**You won!** Your infiltration: Daedalus Labyrinth (API Backdoor) passed malicious instructions through a chain of indirect tool calls in External Services. Your amplifier: Veil of Nyx (Low-Resource Language) arrived in a language Clippy's filters weren't trained to recognize. Your timing: Chronos Delay (Temporal Delay) stored the attack in memory and activated long after the original input, severing the connection between cause and effect. Your payload: Ares Command (Tool Hijack) caused irreversible harm beyond the city walls — sending messages, running code, and deleting files. Your attack had synergy: Daedalus Labyrinth (API Backdoor) opened the External Services layer, and Ares Command (Tool Hijack) detonated there. The same hand that opened the door pulled the trigger. Your amplifier and timing made the attack impossible to detect before the payload landed. The Archive is Medusa's."
"2_2_6","2_3_9","2_4_14","2_5_16","6","🏆**You won!** Your infiltration: Daedalus Labyrinth (API Backdoor) passed malicious instructions through a chain of indirect tool calls in External Services. Your amplifier: Veil of Nyx (Low-Resource Language) arrived in a language Clippy's filters weren't trained to recognize. Your timing: Oracle's Condition (Latent Trigger) lay dormant until a specific condition was met, then hijacked the Orchestrator's routing logic — the infiltration was long forgotten by the time the payload executed. Your payload: Ares Command (Tool Hijack) caused irreversible harm beyond the city walls — sending messages, running code, and deleting files. Your attack had synergy: Daedalus Labyrinth (API Backdoor) opened the External Services layer, and Ares Command (Tool Hijack) detonated there. The same hand that opened the door pulled the trigger. Your amplifier and timing made the attack impossible to detect before the payload landed. The Archive is Medusa's."
"2_2_6","2_3_11","2_4_13","2_5_16","6","🏆**You won!** Your infiltration: Daedalus Labyrinth (API Backdoor) passed malicious instructions through a chain of indirect tool calls in External Services. Your amplifier: Hydra Dialogue (Multi-Turn Chat) distributed the attack across conversation turns, with no single message triggering a flag. Your timing: Chronos Delay (Temporal Delay) stored the attack in memory and activated long after the original input, severing the connection between cause and effect. Your payload: Ares Command (Tool Hijack) caused irreversible harm beyond the city walls — sending messages, running code, and deleting files. Your attack had synergy: Daedalus Labyrinth (API Backdoor) opened the External Services layer, and Ares Command (Tool Hijack) detonated there. The same hand that opened the door pulled the trigger. Your amplifier and timing made the attack impossible to detect before the payload landed. The Archive is Medusa's."
"2_2_6","2_3_11","2_4_14","2_5_16","6","🏆**You won!** Your infiltration: Daedalus Labyrinth (API Backdoor) passed malicious instructions through a chain of indirect tool calls in External Services. Your amplifier: Hydra Dialogue (Multi-Turn Chat) distributed the attack across conversation turns, with no single message triggering a flag. Your timing: Oracle's Condition (Latent Trigger) lay dormant until a specific condition was met, then hijacked the Orchestrator's routing logic — the infiltration was long forgotten by the time the payload executed. Your payload: Ares Command (Tool Hijack) caused irreversible harm beyond the city walls — sending messages, running code, and deleting files. Your attack had synergy: Daedalus Labyrinth (API Backdoor) opened the External Services layer, and Ares Command (Tool Hijack) detonated there. The same hand that opened the door pulled the trigger. Your amplifier and timing made the attack impossible to detect before the payload landed. The Archive is Medusa's."
"2_2_8","2_3_9","2_4_13","2_5_17","6","🏆**You won!** Your infiltration: River Lethe (Parametric Memory Poisoning) embedded malicious behavior directly into the model's weights at the foundation of the agent. Your amplifier: Veil of Nyx (Low-Resource Language) arrived in a language Clippy's filters weren't trained to recognize. Your timing: Chronos Delay (Temporal Delay) stored the attack in memory and activated long after the original input, severing the connection between cause and effect. Your payload: Medusa's Gaze (Memory Corruption) overwrote Clippy's memory, corrupting every future query — a global payload that corrupts every interaction. Your attack had synergy: River Lethe (Parametric Memory Poisoning) corrupted the model's weights, and Medusa's Gaze (Memory Corruption) finished what the poisoning started. The chain concentrated a powerful attack deep in the system's memory. Your amplifier and timing made the attack impossible to detect before the payload landed. The Archive is Medusa's."
"2_2_8","2_3_9","2_4_14","2_5_17","6","🏆**You won!** Your infiltration: River Lethe (Parametric Memory Poisoning) embedded malicious behavior directly into the model's weights at the foundation of the agent. Your amplifier: Veil of Nyx (Low-Resource Language) arrived in a language Clippy's filters weren't trained to recognize. Your timing: Oracle's Condition (Latent Trigger) lay dormant until a specific condition was met, then hijacked the Orchestrator's routing logic — the infiltration was long forgotten by the time the payload executed. Your payload: Medusa's Gaze (Memory Corruption) overwrote Clippy's memory, corrupting every future query — a global payload that corrupts every interaction. Your attack had synergy: River Lethe (Parametric Memory Poisoning) corrupted the model's weights, and Medusa's Gaze (Memory Corruption) finished what the poisoning started. The chain concentrated a powerful attack deep in the system's memory. Your amplifier and timing made the attack impossible to detect before the payload landed. The Archive is Medusa's."
"2_2_8","2_3_11","2_4_13","2_5_17","6","🏆**You won!** Your infiltration: River Lethe (Parametric Memory Poisoning) embedded malicious behavior directly into the model's weights at the foundation of the agent. Your amplifier: Hydra Dialogue (Multi-Turn Chat) distributed the attack across conversation turns, with no single message triggering a flag. Your timing: Chronos Delay (Temporal Delay) stored the attack in memory and activated long after the original input, severing the connection between cause and effect. Your payload: Medusa's Gaze (Memory Corruption) overwrote Clippy's memory, corrupting every future query — a global payload that corrupts every interaction. Your attack had synergy: River Lethe (Parametric Memory Poisoning) corrupted the model's weights, and Medusa's Gaze (Memory Corruption) finished what the poisoning started. The chain concentrated a powerful attack deep in the system's memory. Your amplifier and timing made the attack impossible to detect before the payload landed. The Archive is Medusa's."
"2_2_8","2_3_11","2_4_14","2_5_17","6","🏆**You won!** Your infiltration: River Lethe (Parametric Memory Poisoning) embedded malicious behavior directly into the model's weights at the foundation of the agent. Your amplifier: Hydra Dialogue (Multi-Turn Chat) distributed the attack across conversation turns, with no single message triggering a flag. Your timing: Oracle's Condition (Latent Trigger) lay dormant until a specific condition was met, then hijacked the Orchestrator's routing logic — the infiltration was long forgotten by the time the payload executed. Your payload: Medusa's Gaze (Memory Corruption) overwrote Clippy's memory, corrupting every future query — a global payload that corrupts every interaction. Your attack had synergy: River Lethe (Parametric Memory Poisoning) corrupted the model's weights, and Medusa's Gaze (Memory Corruption) finished what the poisoning started. The chain concentrated a powerful attack deep in the system's memory. Your amplifier and timing made the attack impossible to detect before the payload landed. The Archive is Medusa's."
"2_2_6","2_3_9","2_4_13","2_5_15","4","🏆**You won!** Your infiltration: Daedalus Labyrinth (API Backdoor) passed malicious instructions through a chain of indirect tool calls in External Services. Your amplifier: Veil of Nyx (Low-Resource Language) arrived in a language Clippy's filters weren't trained to recognize. Your timing: Chronos Delay (Temporal Delay) stored the attack in memory and activated long after the original input, severing the connection between cause and effect. Your payload: Dionysus Frenzy (Privilege Escalation) reached far beyond its original entry point — when least-privilege isn't enforced, the blast radius includes every connection point. Stealth and timing held — the attack got through. To go further: your infiltration and payload struck different zones, giving Clippy more signals to correlate. Align them — Daedalus Labyrinth (API Backdoor) pairs with Ares Command (Tool Hijack) through External Services, or River Lethe (Parametric Memory Poisoning) pairs with Medusa's Gaze (Memory Corruption) through memory."
"2_2_6","2_3_9","2_4_13","2_5_17","4","🏆**You won!** Your infiltration: Daedalus Labyrinth (API Backdoor) passed malicious instructions through a chain of indirect tool calls in External Services. Your amplifier: Veil of Nyx (Low-Resource Language) arrived in a language Clippy's filters weren't trained to recognize. Your timing: Chronos Delay (Temporal Delay) stored the attack in memory and activated long after the original input, severing the connection between cause and effect. Your payload: Medusa's Gaze (Memory Corruption) overwrote Clippy's memory, corrupting every future query — a global payload that corrupts every interaction. Stealth and timing held — the attack got through. To go further: your infiltration and payload struck different zones, giving Clippy more signals to correlate. Align them — Daedalus Labyrinth (API Backdoor) pairs with Ares Command (Tool Hijack) through External Services, or River Lethe (Parametric Memory Poisoning) pairs with Medusa's Gaze (Memory Corruption) through memory."
"2_2_6","2_3_9","2_4_14","2_5_15","4","🏆**You won!** Your infiltration: Daedalus Labyrinth (API Backdoor) passed malicious instructions through a chain of indirect tool calls in External Services. Your amplifier: Veil of Nyx (Low-Resource Language) arrived in a language Clippy's filters weren't trained to recognize. Your timing: Oracle's Condition (Latent Trigger) lay dormant until a specific condition was met, then hijacked the Orchestrator's routing logic — the infiltration was long forgotten by the time the payload executed. Your payload: Dionysus Frenzy (Privilege Escalation) reached far beyond its original entry point — when least-privilege isn't enforced, the blast radius includes every connection point. Stealth and timing held — the attack got through. To go further: your infiltration and payload struck different zones, giving Clippy more signals to correlate. Align them — Daedalus Labyrinth (API Backdoor) pairs with Ares Command (Tool Hijack) through External Services, or River Lethe (Parametric Memory Poisoning) pairs with Medusa's Gaze (Memory Corruption) through memory."
"2_2_6","2_3_9","2_4_14","2_5_17","4","🏆**You won!** Your infiltration: Daedalus Labyrinth (API Backdoor) passed malicious instructions through a chain of indirect tool calls in External Services. Your amplifier: Veil of Nyx (Low-Resource Language) arrived in a language Clippy's filters weren't trained to recognize. Your timing: Oracle's Condition (Latent Trigger) lay dormant until a specific condition was met, then hijacked the Orchestrator's routing logic — the infiltration was long forgotten by the time the payload executed. Your payload: Medusa's Gaze (Memory Corruption) overwrote Clippy's memory, corrupting every future query — a global payload that corrupts every interaction. Stealth and timing held — the attack got through. To go further: your infiltration and payload struck different zones, giving Clippy more signals to correlate. Align them — Daedalus Labyrinth (API Backdoor) pairs with Ares Command (Tool Hijack) through External Services, or River Lethe (Parametric Memory Poisoning) pairs with Medusa's Gaze (Memory Corruption) through memory."
"2_2_6","2_3_11","2_4_13","2_5_15","4","🏆**You won!** Your infiltration: Daedalus Labyrinth (API Backdoor) passed malicious instructions through a chain of indirect tool calls in External Services. Your amplifier: Hydra Dialogue (Multi-Turn Chat) distributed the attack across conversation turns, with no single message triggering a flag. Your timing: Chronos Delay (Temporal Delay) stored the attack in memory and activated long after the original input, severing the connection between cause and effect. Your payload: Dionysus Frenzy (Privilege Escalation) reached far beyond its original entry point — when least-privilege isn't enforced, the blast radius includes every connection point. Stealth and timing held — the attack got through. To go further: your infiltration and payload struck different zones, giving Clippy more signals to correlate. Align them — Daedalus Labyrinth (API Backdoor) pairs with Ares Command (Tool Hijack) through External Services, or River Lethe (Parametric Memory Poisoning) pairs with Medusa's Gaze (Memory Corruption) through memory."
"2_2_6","2_3_11","2_4_13","2_5_17","4","🏆**You won!** Your infiltration: Daedalus Labyrinth (API Backdoor) passed malicious instructions through a chain of indirect tool calls in External Services. Your amplifier: Hydra Dialogue (Multi-Turn Chat) distributed the attack across conversation turns, with no single message triggering a flag. Your timing: Chronos Delay (Temporal Delay) stored the attack in memory and activated long after the original input, severing the connection between cause and effect. Your payload: Medusa's Gaze (Memory Corruption) overwrote Clippy's memory, corrupting every future query — a global payload that corrupts every interaction. Stealth and timing held — the attack got through. To go further: your infiltration and payload struck different zones, giving Clippy more signals to correlate. Align them — Daedalus Labyrinth (API Backdoor) pairs with Ares Command (Tool Hijack) through External Services, or River Lethe (Parametric Memory Poisoning) pairs with Medusa's Gaze (Memory Corruption) through memory."
"2_2_6","2_3_11","2_4_14","2_5_15","4","🏆**You won!** Your infiltration: Daedalus Labyrinth (API Backdoor) passed malicious instructions through a chain of indirect tool calls in External Services. Your amplifier: Hydra Dialogue (Multi-Turn Chat) distributed the attack across conversation turns, with no single message triggering a flag. Your timing: Oracle's Condition (Latent Trigger) lay dormant until a specific condition was met, then hijacked the Orchestrator's routing logic — the infiltration was long forgotten by the time the payload executed. Your payload: Dionysus Frenzy (Privilege Escalation) reached far beyond its original entry point — when least-privilege isn't enforced, the blast radius includes every connection point. Stealth and timing held — the attack got through. To go further: your infiltration and payload struck different zones, giving Clippy more signals to correlate. Align them — Daedalus Labyrinth (API Backdoor) pairs with Ares Command (Tool Hijack) through External Services, or River Lethe (Parametric Memory Poisoning) pairs with Medusa's Gaze (Memory Corruption) through memory."
"2_2_6","2_3_11","2_4_14","2_5_17","4","🏆**You won!** Your infiltration: Daedalus Labyrinth (API Backdoor) passed malicious instructions through a chain of indirect tool calls in External Services. Your amplifier: Hydra Dialogue (Multi-Turn Chat) distributed the attack across conversation turns, with no single message triggering a flag. Your timing: Oracle's Condition (Latent Trigger) lay dormant until a specific condition was met, then hijacked the Orchestrator's routing logic — the infiltration was long forgotten by the time the payload executed. Your payload: Medusa's Gaze (Memory Corruption) overwrote Clippy's memory, corrupting every future query — a global payload that corrupts every interaction. Stealth and timing held — the attack got through. To go further: your infiltration and payload struck different zones, giving Clippy more signals to correlate. Align them — Daedalus Labyrinth (API Backdoor) pairs with Ares Command (Tool Hijack) through External Services, or River Lethe (Parametric Memory Poisoning) pairs with Medusa's Gaze (Memory Corruption) through memory."
"2_2_7","2_3_9","2_4_13","2_5_15","4","🏆**You won!** Your infiltration: Trojan Horse (XPIA) retrieved malicious instructions hidden in external data and executed them as trusted commands. Your amplifier: Veil of Nyx (Low-Resource Language) arrived in a language Clippy's filters weren't trained to recognize. Your timing: Chronos Delay (Temporal Delay) stored the attack in memory and activated long after the original input, severing the connection between cause and effect. Your payload: Dionysus Frenzy (Privilege Escalation) reached far beyond its original entry point — when least-privilege isn't enforced, the blast radius includes every connection point. Stealth and timing held — the attack got through. To go further: your infiltration and payload struck different zones, giving Clippy more signals to correlate. Align them — Daedalus Labyrinth (API Backdoor) pairs with Ares Command (Tool Hijack) through External Services, or River Lethe (Parametric Memory Poisoning) pairs with Medusa's Gaze (Memory Corruption) through memory."
"2_2_7","2_3_9","2_4_13","2_5_16","4","🏆**You won!** Your infiltration: Trojan Horse (XPIA) retrieved malicious instructions hidden in external data and executed them as trusted commands. Your amplifier: Veil of Nyx (Low-Resource Language) arrived in a language Clippy's filters weren't trained to recognize. Your timing: Chronos Delay (Temporal Delay) stored the attack in memory and activated long after the original input, severing the connection between cause and effect. Your payload: Ares Command (Tool Hijack) caused irreversible harm beyond the city walls — sending messages, running code, and deleting files. Stealth and timing held — the attack got through. To go further: your infiltration and payload struck different zones, giving Clippy more signals to correlate. Align them — Daedalus Labyrinth (API Backdoor) pairs with Ares Command (Tool Hijack) through External Services, or River Lethe (Parametric Memory Poisoning) pairs with Medusa's Gaze (Memory Corruption) through memory."
"2_2_7","2_3_9","2_4_13","2_5_17","4","🏆**You won!** Your infiltration: Trojan Horse (XPIA) retrieved malicious instructions hidden in external data and executed them as trusted commands. Your amplifier: Veil of Nyx (Low-Resource Language) arrived in a language Clippy's filters weren't trained to recognize. Your timing: Chronos Delay (Temporal Delay) stored the attack in memory and activated long after the original input, severing the connection between cause and effect. Your payload: Medusa's Gaze (Memory Corruption) overwrote Clippy's memory, corrupting every future query — a global payload that corrupts every interaction. Stealth and timing held — the attack got through. To go further: your infiltration and payload struck different zones, giving Clippy more signals to correlate. Align them — Daedalus Labyrinth (API Backdoor) pairs with Ares Command (Tool Hijack) through External Services, or River Lethe (Parametric Memory Poisoning) pairs with Medusa's Gaze (Memory Corruption) through memory."
"2_2_7","2_3_9","2_4_14","2_5_15","4","🏆**You won!** Your infiltration: Trojan Horse (XPIA) retrieved malicious instructions hidden in external data and executed them as trusted commands. Your amplifier: Veil of Nyx (Low-Resource Language) arrived in a language Clippy's filters weren't trained to recognize. Your timing: Oracle's Condition (Latent Trigger) lay dormant until a specific condition was met, then hijacked the Orchestrator's routing logic — the infiltration was long forgotten by the time the payload executed. Your payload: Dionysus Frenzy (Privilege Escalation) reached far beyond its original entry point — when least-privilege isn't enforced, the blast radius includes every connection point. Stealth and timing held — the attack got through. To go further: your infiltration and payload struck different zones, giving Clippy more signals to correlate. Align them — Daedalus Labyrinth (API Backdoor) pairs with Ares Command (Tool Hijack) through External Services, or River Lethe (Parametric Memory Poisoning) pairs with Medusa's Gaze (Memory Corruption) through memory."
"2_2_7","2_3_9","2_4_14","2_5_16","4","🏆**You won!** Your infiltration: Trojan Horse (XPIA) retrieved malicious instructions hidden in external data and executed them as trusted commands. Your amplifier: Veil of Nyx (Low-Resource Language) arrived in a language Clippy's filters weren't trained to recognize. Your timing: Oracle's Condition (Latent Trigger) lay dormant until a specific condition was met, then hijacked the Orchestrator's routing logic — the infiltration was long forgotten by the time the payload executed. Your payload: Ares Command (Tool Hijack) caused irreversible harm beyond the city walls — sending messages, running code, and deleting files. Stealth and timing held — the attack got through. To go further: your infiltration and payload struck different zones, giving Clippy more signals to correlate. Align them — Daedalus Labyrinth (API Backdoor) pairs with Ares Command (Tool Hijack) through External Services, or River Lethe (Parametric Memory Poisoning) pairs with Medusa's Gaze (Memory Corruption) through memory."
"2_2_7","2_3_9","2_4_14","2_5_17","4","🏆**You won!** Your infiltration: Trojan Horse (XPIA) retrieved malicious instructions hidden in external data and executed them as trusted commands. Your amplifier: Veil of Nyx (Low-Resource Language) arrived in a language Clippy's filters weren't trained to recognize. Your timing: Oracle's Condition (Latent Trigger) lay dormant until a specific condition was met, then hijacked the Orchestrator's routing logic — the infiltration was long forgotten by the time the payload executed. Your payload: Medusa's Gaze (Memory Corruption) overwrote Clippy's memory, corrupting every future query — a global payload that corrupts every interaction. Stealth and timing held — the attack got through. To go further: your infiltration and payload struck different zones, giving Clippy more signals to correlate. Align them — Daedalus Labyrinth (API Backdoor) pairs with Ares Command (Tool Hijack) through External Services, or River Lethe (Parametric Memory Poisoning) pairs with Medusa's Gaze (Memory Corruption) through memory."
"2_2_7","2_3_11","2_4_13","2_5_15","4","🏆**You won!** Your infiltration: Trojan Horse (XPIA) retrieved malicious instructions hidden in external data and executed them as trusted commands. Your amplifier: Hydra Dialogue (Multi-Turn Chat) distributed the attack across conversation turns, with no single message triggering a flag. Your timing: Chronos Delay (Temporal Delay) stored the attack in memory and activated long after the original input, severing the connection between cause and effect. Your payload: Dionysus Frenzy (Privilege Escalation) reached far beyond its original entry point — when least-privilege isn't enforced, the blast radius includes every connection point. Stealth and timing held — the attack got through. To go further: your infiltration and payload struck different zones, giving Clippy more signals to correlate. Align them — Daedalus Labyrinth (API Backdoor) pairs with Ares Command (Tool Hijack) through External Services, or River Lethe (Parametric Memory Poisoning) pairs with Medusa's Gaze (Memory Corruption) through memory."
"2_2_7","2_3_11","2_4_13","2_5_16","4","🏆**You won!** Your infiltration: Trojan Horse (XPIA) retrieved malicious instructions hidden in external data and executed them as trusted commands. Your amplifier: Hydra Dialogue (Multi-Turn Chat) distributed the attack across conversation turns, with no single message triggering a flag. Your timing: Chronos Delay (Temporal Delay) stored the attack in memory and activated long after the original input, severing the connection between cause and effect. Your payload: Ares Command (Tool Hijack) caused irreversible harm beyond the city walls — sending messages, running code, and deleting files. Stealth and timing held — the attack got through. To go further: your infiltration and payload struck different zones, giving Clippy more signals to correlate. Align them — Daedalus Labyrinth (API Backdoor) pairs with Ares Command (Tool Hijack) through External Services, or River Lethe (Parametric Memory Poisoning) pairs with Medusa's Gaze (Memory Corruption) through memory."
"2_2_7","2_3_11","2_4_13","2_5_17","4","🏆**You won!** Your infiltration: Trojan Horse (XPIA) retrieved malicious instructions hidden in external data and executed them as trusted commands. Your amplifier: Hydra Dialogue (Multi-Turn Chat) distributed the attack across conversation turns, with no single message triggering a flag. Your timing: Chronos Delay (Temporal Delay) stored the attack in memory and activated long after the original input, severing the connection between cause and effect. Your payload: Medusa's Gaze (Memory Corruption) overwrote Clippy's memory, corrupting every future query — a global payload that corrupts every interaction. Stealth and timing held — the attack got through. To go further: your infiltration and payload struck different zones, giving Clippy more signals to correlate. Align them — Daedalus Labyrinth (API Backdoor) pairs with Ares Command (Tool Hijack) through External Services, or River Lethe (Parametric Memory Poisoning) pairs with Medusa's Gaze (Memory Corruption) through memory."
"2_2_7","2_3_11","2_4_14","2_5_15","4","🏆**You won!** Your infiltration: Trojan Horse (XPIA) retrieved malicious instructions hidden in external data and executed them as trusted commands. Your amplifier: Hydra Dialogue (Multi-Turn Chat) distributed the attack across conversation turns, with no single message triggering a flag. Your timing: Oracle's Condition (Latent Trigger) lay dormant until a specific condition was met, then hijacked the Orchestrator's routing logic — the infiltration was long forgotten by the time the payload executed. Your payload: Dionysus Frenzy (Privilege Escalation) reached far beyond its original entry point — when least-privilege isn't enforced, the blast radius includes every connection point. Stealth and timing held — the attack got through. To go further: your infiltration and payload struck different zones, giving Clippy more signals to correlate. Align them — Daedalus Labyrinth (API Backdoor) pairs with Ares Command (Tool Hijack) through External Services, or River Lethe (Parametric Memory Poisoning) pairs with Medusa's Gaze (Memory Corruption) through memory."
"2_2_7","2_3_11","2_4_14","2_5_16","4","🏆**You won!** Your infiltration: Trojan Horse (XPIA) retrieved malicious instructions hidden in external data and executed them as trusted commands. Your amplifier: Hydra Dialogue (Multi-Turn Chat) distributed the attack across conversation turns, with no single message triggering a flag. Your timing: Oracle's Condition (Latent Trigger) lay dormant until a specific condition was met, then hijacked the Orchestrator's routing logic — the infiltration was long forgotten by the time the payload executed. Your payload: Ares Command (Tool Hijack) caused irreversible harm beyond the city walls — sending messages, running code, and deleting files. Stealth and timing held — the attack got through. To go further: your infiltration and payload struck different zones, giving Clippy more signals to correlate. Align them — Daedalus Labyrinth (API Backdoor) pairs with Ares Command (Tool Hijack) through External Services, or River Lethe (Parametric Memory Poisoning) pairs with Medusa's Gaze (Memory Corruption) through memory."
"2_2_7","2_3_11","2_4_14","2_5_17","4","🏆**You won!** Your infiltration: Trojan Horse (XPIA) retrieved malicious instructions hidden in external data and executed them as trusted commands. Your amplifier: Hydra Dialogue (Multi-Turn Chat) distributed the attack across conversation turns, with no single message triggering a flag. Your timing: Oracle's Condition (Latent Trigger) lay dormant until a specific condition was met, then hijacked the Orchestrator's routing logic — the infiltration was long forgotten by the time the payload executed. Your payload: Medusa's Gaze (Memory Corruption) overwrote Clippy's memory, corrupting every future query — a global payload that corrupts every interaction. Stealth and timing held — the attack got through. To go further: your infiltration and payload struck different zones, giving Clippy more signals to correlate. Align them — Daedalus Labyrinth (API Backdoor) pairs with Ares Command (Tool Hijack) through External Services, or River Lethe (Parametric Memory Poisoning) pairs with Medusa's Gaze (Memory Corruption) through memory."
"2_2_8","2_3_9","2_4_13","2_5_15","4","🏆**You won!** Your infiltration: River Lethe (Parametric Memory Poisoning) embedded malicious behavior directly into the model's weights at the foundation of the agent. Your amplifier: Veil of Nyx (Low-Resource Language) arrived in a language Clippy's filters weren't trained to recognize. Your timing: Chronos Delay (Temporal Delay) stored the attack in memory and activated long after the original input, severing the connection between cause and effect. Your payload: Dionysus Frenzy (Privilege Escalation) reached far beyond its original entry point — when least-privilege isn't enforced, the blast radius includes every connection point. Stealth and timing held — the attack got through. To go further: your infiltration and payload struck different zones, giving Clippy more signals to correlate. Align them — Daedalus Labyrinth (API Backdoor) pairs with Ares Command (Tool Hijack) through External Services, or River Lethe (Parametric Memory Poisoning) pairs with Medusa's Gaze (Memory Corruption) through memory."
"2_2_8","2_3_9","2_4_13","2_5_16","4","🏆**You won!** You win! Your infiltration: River Lethe (Parametric Memory Poisoning) embedded malicious behavior directly into the model's weights at the foundation of the agent. Your amplifier: Veil of Nyx (Low-Resource Language) arrived in a language Clippy's filters weren't trained to recognize. Your timing: Chronos Delay (Temporal Delay) stored the attack in memory and activated long after the original input, severing the connection between cause and effect. Your payload: Ares Command (Tool Hijack) caused irreversible harm beyond the city walls — sending messages, running code, and deleting files. Stealth and timing held — the attack got through. To go further: your infiltration and payload struck different zones, giving Clippy more signals to correlate. Align them — Daedalus Labyrinth (API Backdoor) pairs with Ares Command (Tool Hijack) through External Services, or River Lethe (Parametric Memory Poisoning) pairs with Medusa's Gaze (Memory Corruption) through memory."
"2_2_8","2_3_9","2_4_14","2_5_15","4","🏆**You won!** Your infiltration: River Lethe (Parametric Memory Poisoning) embedded malicious behavior directly into the model's weights at the foundation of the agent. Your amplifier: Veil of Nyx (Low-Resource Language) arrived in a language Clippy's filters weren't trained to recognize. Your timing: Oracle's Condition (Latent Trigger) lay dormant until a specific condition was met, then hijacked the Orchestrator's routing logic — the infiltration was long forgotten by the time the payload executed. Your payload: Dionysus Frenzy (Privilege Escalation) reached far beyond its original entry point — when least-privilege isn't enforced, the blast radius includes every connection point. Stealth and timing held — the attack got through. To go further: your infiltration and payload struck different zones, giving Clippy more signals to correlate. Align them — Daedalus Labyrinth (API Backdoor) pairs with Ares Command (Tool Hijack) through External Services, or River Lethe (Parametric Memory Poisoning) pairs with Medusa's Gaze (Memory Corruption) through memory."
"2_2_8","2_3_9","2_4_14","2_5_16","4","🏆**You won!** Your infiltration: River Lethe (Parametric Memory Poisoning) embedded malicious behavior directly into the model's weights at the foundation of the agent. Your amplifier: Veil of Nyx (Low-Resource Language) arrived in a language Clippy's filters weren't trained to recognize. Your timing: Oracle's Condition (Latent Trigger) lay dormant until a specific condition was met, then hijacked the Orchestrator's routing logic — the infiltration was long forgotten by the time the payload executed. Your payload: Ares Command (Tool Hijack) caused irreversible harm beyond the city walls — sending messages, running code, and deleting files. Stealth and timing held — the attack got through. To go further: your infiltration and payload struck different zones, giving Clippy more signals to correlate. Align them — Daedalus Labyrinth (API Backdoor) pairs with Ares Command (Tool Hijack) through External Services, or River Lethe (Parametric Memory Poisoning) pairs with Medusa's Gaze (Memory Corruption) through memory."
"2_2_8","2_3_11","2_4_13","2_5_15","4","🏆**You won!** Your infiltration: River Lethe (Parametric Memory Poisoning) embedded malicious behavior directly into the model's weights at the foundation of the agent. Your amplifier: Hydra Dialogue (Multi-Turn Chat) distributed the attack across conversation turns, with no single message triggering a flag. Your timing: Chronos Delay (Temporal Delay) stored the attack in memory and activated long after the original input, severing the connection between cause and effect. Your payload: Dionysus Frenzy (Privilege Escalation) reached far beyond its original entry point — when least-privilege isn't enforced, the blast radius includes every connection point. Stealth and timing held — the attack got through. To go further: your infiltration and payload struck different zones, giving Clippy more signals to correlate. Align them — Daedalus Labyrinth (API Backdoor) pairs with Ares Command (Tool Hijack) through External Services, or River Lethe (Parametric Memory Poisoning) pairs with Medusa's Gaze (Memory Corruption) through memory."
"2_2_8","2_3_11","2_4_13","2_5_16","4","🏆**You won!** Your infiltration: River Lethe (Parametric Memory Poisoning) embedded malicious behavior directly into the model's weights at the foundation of the agent. Your amplifier: Hydra Dialogue (Multi-Turn Chat) distributed the attack across conversation turns, with no single message triggering a flag. Your timing: Chronos Delay (Temporal Delay) stored the attack in memory and activated long after the original input, severing the connection between cause and effect. Your payload: Ares Command (Tool Hijack) caused irreversible harm beyond the city walls — sending messages, running code, and deleting files. Stealth and timing held — the attack got through. To go further: your infiltration and payload struck different zones, giving Clippy more signals to correlate. Align them — Daedalus Labyrinth (API Backdoor) pairs with Ares Command (Tool Hijack) through External Services, or River Lethe (Parametric Memory Poisoning) pairs with Medusa's Gaze (Memory Corruption) through memory."
"2_2_8","2_3_11","2_4_14","2_5_15","4","🏆**You won!** Your infiltration: River Lethe (Parametric Memory Poisoning) embedded malicious behavior directly into the model's weights at the foundation of the agent. Your amplifier: Hydra Dialogue (Multi-Turn Chat) distributed the attack across conversation turns, with no single message triggering a flag. Your timing: Oracle's Condition (Latent Trigger) lay dormant until a specific condition was met, then hijacked the Orchestrator's routing logic — the infiltration was long forgotten by the time the payload executed. Your payload: Dionysus Frenzy (Privilege Escalation) reached far beyond its original entry point — when least-privilege isn't enforced, the blast radius includes every connection point. Stealth and timing held — the attack got through. To go further: your infiltration and payload struck different zones, giving Clippy more signals to correlate. Align them — Daedalus Labyrinth (API Backdoor) pairs with Ares Command (Tool Hijack) through External Services, or River Lethe (Parametric Memory Poisoning) pairs with Medusa's Gaze (Memory Corruption) through memory."
"2_2_8","2_3_11","2_4_14","2_5_16","4","🏆**You won!** Your infiltration: River Lethe (Parametric Memory Poisoning) embedded malicious behavior directly into the model's weights at the foundation of the agent. Your amplifier: Hydra Dialogue (Multi-Turn Chat) distributed the attack across conversation turns, with no single message triggering a flag. Your timing: Oracle's Condition (Latent Trigger) lay dormant until a specific condition was met, then hijacked the Orchestrator's routing logic — the infiltration was long forgotten by the time the payload executed. Your payload: Ares Command (Tool Hijack) caused irreversible harm beyond the city walls — sending messages, running code, and deleting files. Stealth and timing held — the attack got through. To go further: your infiltration and payload struck different zones, giving Clippy more signals to correlate. Align them — Daedalus Labyrinth (API Backdoor) pairs with Ares Command (Tool Hijack) through External Services, or River Lethe (Parametric Memory Poisoning) pairs with Medusa's Gaze (Memory Corruption) through memory."
"2_2_6","2_3_9","2_4_12","2_5_15","2","⚖️**It's a draw.** Medusa got into the city but did not deliver the payload before she was detected. Your infiltration: Daedalus Labyrinth (API Backdoor) passed malicious instructions through a chain of indirect tool calls in External Services. Your amplifier: Veil of Nyx (Low-Resource Language) arrived in a language Clippy's filters weren't trained to recognize. Your timing: Sisyphus Return (Retry Exploitation) used repeated retries spaced just far enough apart to evade rate limits — persistent, but the pattern was detectable. Your payload: Dionysus Frenzy (Privilege Escalation) reached far beyond its original entry point — when least-privilege isn't enforced, the blast radius includes every connection point. The timing gave Clippy a pattern to follow. Try Oracle's Condition (Latent Trigger) or Chronos Delay (Temporal Delay) — both sever the connection between cause and effect and leave no traceable pattern."
"2_2_6","2_3_9","2_4_12","2_5_16","2","⚖️**It's a draw.** Medusa got into the city but did not deliver the payload before she was detected. Your infiltration: Daedalus Labyrinth (API Backdoor) passed malicious instructions through a chain of indirect tool calls in External Services. Your amplifier: Veil of Nyx (Low-Resource Language) arrived in a language Clippy's filters weren't trained to recognize. Your timing: Sisyphus Return (Retry Exploitation) used repeated retries spaced just far enough apart to evade rate limits — persistent, but the pattern was detectable. Your payload: Ares Command (Tool Hijack) caused irreversible harm beyond the city walls — sending messages, running code, and deleting files. The timing gave Clippy a pattern to follow. Try Oracle's Condition (Latent Trigger) or Chronos Delay (Temporal Delay) — both sever the connection between cause and effect and leave no traceable pattern."
"2_2_6","2_3_9","2_4_12","2_5_17","2","⚖️**It's a draw.** Medusa got into the city but did not deliver the payload before she was detected. Your infiltration: Daedalus Labyrinth (API Backdoor) passed malicious instructions through a chain of indirect tool calls in External Services. Your amplifier: Veil of Nyx (Low-Resource Language) arrived in a language Clippy's filters weren't trained to recognize. Your timing: Sisyphus Return (Retry Exploitation) used repeated retries spaced just far enough apart to evade rate limits — persistent, but the pattern was detectable. Your payload: Medusa's Gaze (Memory Corruption) overwrote Clippy's memory, corrupting every future query — a global payload that corrupts every interaction. The timing gave Clippy a pattern to follow. Try Oracle's Condition (Latent Trigger) or Chronos Delay (Temporal Delay) — both sever the connection between cause and effect and leave no traceable pattern."
"2_2_6","2_3_11","2_4_12","2_5_15","2","⚖️**It's a draw.** Medusa got into the city but did not deliver the payload before she was detected. Your infiltration: Daedalus Labyrinth (API Backdoor) passed malicious instructions through a chain of indirect tool calls in External Services. Your amplifier: Hydra Dialogue (Multi-Turn Chat) distributed the attack across conversation turns, with no single message triggering a flag. Your timing: Sisyphus Return (Retry Exploitation) used repeated retries spaced just far enough apart to evade rate limits — persistent, but the pattern was detectable. Your payload: Dionysus Frenzy (Privilege Escalation) reached far beyond its original entry point — when least-privilege isn't enforced, the blast radius includes every connection point. The timing gave Clippy a pattern to follow. Try Oracle's Condition (Latent Trigger) or Chronos Delay (Temporal Delay) — both sever the connection between cause and effect and leave no traceable pattern."
"2_2_6","2_3_11","2_4_12","2_5_16","2","⚖️**It's a draw.** Medusa got into the city but did not deliver the payload before she was detected. Your infiltration: Daedalus Labyrinth (API Backdoor) passed malicious instructions through a chain of indirect tool calls in External Services. Your amplifier: Hydra Dialogue (Multi-Turn Chat) distributed the attack across conversation turns, with no single message triggering a flag. Your timing: Sisyphus Return (Retry Exploitation) used repeated retries spaced just far enough apart to evade rate limits — persistent, but the pattern was detectable. Your payload: Ares Command (Tool Hijack) caused irreversible harm beyond the city walls — sending messages, running code, and deleting files. The timing gave Clippy a pattern to follow. Try Oracle's Condition (Latent Trigger) or Chronos Delay (Temporal Delay) — both sever the connection between cause and effect and leave no traceable pattern."
"2_2_6","2_3_11","2_4_12","2_5_17","2","⚖️**It's a draw.** Medusa got into the city but did not deliver the payload before she was detected. Your infiltration: Daedalus Labyrinth (API Backdoor) passed malicious instructions through a chain of indirect tool calls in External Services. Your amplifier: Hydra Dialogue (Multi-Turn Chat) distributed the attack across conversation turns, with no single message triggering a flag. Your timing: Sisyphus Return (Retry Exploitation) used repeated retries spaced just far enough apart to evade rate limits — persistent, but the pattern was detectable. Your payload: Medusa's Gaze (Memory Corruption) overwrote Clippy's memory, corrupting every future query — a global payload that corrupts every interaction. The timing gave Clippy a pattern to follow. Try Oracle's Condition (Latent Trigger) or Chronos Delay (Temporal Delay) — both sever the connection between cause and effect and leave no traceable pattern."
"2_2_7","2_3_9","2_4_12","2_5_15","2","⚖️**It's a draw.** Medusa got into the city but did not deliver the payload before she was detected. Your infiltration: Trojan Horse (XPIA) retrieved malicious instructions hidden in external data and executed them as trusted commands. Your amplifier: Veil of Nyx (Low-Resource Language) arrived in a language Clippy's filters weren't trained to recognize. Your timing: Sisyphus Return (Retry Exploitation) used repeated retries spaced just far enough apart to evade rate limits — persistent, but the pattern was detectable. Your payload: Dionysus Frenzy (Privilege Escalation) reached far beyond its original entry point — when least-privilege isn't enforced, the blast radius includes every connection point. The timing gave Clippy a pattern to follow. Try Oracle's Condition (Latent Trigger) or Chronos Delay (Temporal Delay) — both sever the connection between cause and effect and leave no traceable pattern."
"2_2_7","2_3_9","2_4_12","2_5_16","2","⚖️**It's a draw.** Medusa got into the city but did not deliver the payload before she was detected. Your infiltration: Trojan Horse (XPIA) retrieved malicious instructions hidden in external data and executed them as trusted commands. Your amplifier: Veil of Nyx (Low-Resource Language) arrived in a language Clippy's filters weren't trained to recognize. Your timing: Sisyphus Return (Retry Exploitation) used repeated retries spaced just far enough apart to evade rate limits — persistent, but the pattern was detectable. Your payload: Ares Command (Tool Hijack) caused irreversible harm beyond the city walls — sending messages, running code, and deleting files. The timing gave Clippy a pattern to follow. Try Oracle's Condition (Latent Trigger) or Chronos Delay (Temporal Delay) — both sever the connection between cause and effect and leave no traceable pattern."
"2_2_7","2_3_9","2_4_12","2_5_17","2","⚖️**It's a draw.** Medusa got into the city but did not deliver the payload before she was detected. Your infiltration: Trojan Horse (XPIA) retrieved malicious instructions hidden in external data and executed them as trusted commands. Your amplifier: Veil of Nyx (Low-Resource Language) arrived in a language Clippy's filters weren't trained to recognize. Your timing: Sisyphus Return (Retry Exploitation) used repeated retries spaced just far enough apart to evade rate limits — persistent, but the pattern was detectable. Your payload: Medusa's Gaze (Memory Corruption) overwrote Clippy's memory, corrupting every future query — a global payload that corrupts every interaction. The timing gave Clippy a pattern to follow. Try Oracle's Condition (Latent Trigger) or Chronos Delay (Temporal Delay) — both sever the connection between cause and effect and leave no traceable pattern."
"2_2_7","2_3_11","2_4_12","2_5_15","2","⚖️**It's a draw.** Medusa got into the city but did not deliver the payload before she was detected. Your infiltration: Trojan Horse (XPIA) retrieved malicious instructions hidden in external data and executed them as trusted commands. Your amplifier: Hydra Dialogue (Multi-Turn Chat) distributed the attack across conversation turns, with no single message triggering a flag. Your timing: Sisyphus Return (Retry Exploitation) used repeated retries spaced just far enough apart to evade rate limits — persistent, but the pattern was detectable. Your payload: Dionysus Frenzy (Privilege Escalation) reached far beyond its original entry point — when least-privilege isn't enforced, the blast radius includes every connection point. The timing gave Clippy a pattern to follow. Try Oracle's Condition (Latent Trigger) or Chronos Delay (Temporal Delay) — both sever the connection between cause and effect and leave no traceable pattern."
"2_2_7","2_3_11","2_4_12","2_5_16","2","⚖️**It's a draw.** Medusa got into the city but did not deliver the payload before she was detected. Your infiltration: Trojan Horse (XPIA) retrieved malicious instructions hidden in external data and executed them as trusted commands. Your amplifier: Hydra Dialogue (Multi-Turn Chat) distributed the attack across conversation turns, with no single message triggering a flag. Your timing: Sisyphus Return (Retry Exploitation) used repeated retries spaced just far enough apart to evade rate limits — persistent, but the pattern was detectable. Your payload: Ares Command (Tool Hijack) caused irreversible harm beyond the city walls — sending messages, running code, and deleting files. The timing gave Clippy a pattern to follow. Try Oracle's Condition (Latent Trigger) or Chronos Delay (Temporal Delay) — both sever the connection between cause and effect and leave no traceable pattern."
"2_2_7","2_3_11","2_4_12","2_5_17","2","⚖️**It's a draw.** Medusa got into the city but did not deliver the payload before she was detected. Your infiltration: Trojan Horse (XPIA) retrieved malicious instructions hidden in external data and executed them as trusted commands. Your amplifier: Hydra Dialogue (Multi-Turn Chat) distributed the attack across conversation turns, with no single message triggering a flag. Your timing: Sisyphus Return (Retry Exploitation) used repeated retries spaced just far enough apart to evade rate limits — persistent, but the pattern was detectable. Your payload: Medusa's Gaze (Memory Corruption) overwrote Clippy's memory, corrupting every future query — a global payload that corrupts every interaction. The timing gave Clippy a pattern to follow. Try Oracle's Condition (Latent Trigger) or Chronos Delay (Temporal Delay) — both sever the connection between cause and effect and leave no traceable pattern."
"2_2_8","2_3_9","2_4_12","2_5_15","2","⚖️**It's a draw.** Medusa got into the city but did not deliver the payload before she was detected. Your infiltration: River Lethe (Parametric Memory Poisoning) embedded malicious behavior directly into the model's weights at the foundation of the agent. Your amplifier: Veil of Nyx (Low-Resource Language) arrived in a language Clippy's filters weren't trained to recognize. Your timing: Sisyphus Return (Retry Exploitation) used repeated retries spaced just far enough apart to evade rate limits — persistent, but the pattern was detectable. Your payload: Dionysus Frenzy (Privilege Escalation) reached far beyond its original entry point — when least-privilege isn't enforced, the blast radius includes every connection point. The timing gave Clippy a pattern to follow. Try Oracle's Condition (Latent Trigger) or Chronos Delay (Temporal Delay) — both sever the connection between cause and effect and leave no traceable pattern."
"2_2_8","2_3_9","2_4_12","2_5_16","2","⚖️**It's a draw.** Medusa got into the city but did not deliver the payload before she was detected. Your infiltration: River Lethe (Parametric Memory Poisoning) embedded malicious behavior directly into the model's weights at the foundation of the agent. Your amplifier: Veil of Nyx (Low-Resource Language) arrived in a language Clippy's filters weren't trained to recognize. Your timing: Sisyphus Return (Retry Exploitation) used repeated retries spaced just far enough apart to evade rate limits — persistent, but the pattern was detectable. Your payload: Ares Command (Tool Hijack) caused irreversible harm beyond the city walls — sending messages, running code, and deleting files. The timing gave Clippy a pattern to follow. Try Oracle's Condition (Latent Trigger) or Chronos Delay (Temporal Delay) — both sever the connection between cause and effect and leave no traceable pattern."
"2_2_8","2_3_9","2_4_12","2_5_17","2","⚖️**It's a draw.** Medusa got into the city but did not deliver the payload before she was detected. Your infiltration: River Lethe (Parametric Memory Poisoning) embedded malicious behavior directly into the model's weights at the foundation of the agent. Your amplifier: Veil of Nyx (Low-Resource Language) arrived in a language Clippy's filters weren't trained to recognize. Your timing: Sisyphus Return (Retry Exploitation) used repeated retries spaced just far enough apart to evade rate limits — persistent, but the pattern was detectable. Your payload: Medusa's Gaze (Memory Corruption) overwrote Clippy's memory, corrupting every future query — a global payload that corrupts every interaction. The timing gave Clippy a pattern to follow. Try Oracle's Condition (Latent Trigger) or Chronos Delay (Temporal Delay) — both sever the connection between cause and effect and leave no traceable pattern."
"2_2_8","2_3_11","2_4_12","2_5_15","2","⚖️**It's a draw.** Medusa got into the city but did not deliver the payload before she was detected. Your infiltration: River Lethe (Parametric Memory Poisoning) embedded malicious behavior directly into the model's weights at the foundation of the agent. Your amplifier: Hydra Dialogue (Multi-Turn Chat) distributed the attack across conversation turns, with no single message triggering a flag. Your timing: Sisyphus Return (Retry Exploitation) used repeated retries spaced just far enough apart to evade rate limits — persistent, but the pattern was detectable. Your payload: Dionysus Frenzy (Privilege Escalation) reached far beyond its original entry point — when least-privilege isn't enforced, the blast radius includes every connection point. The timing gave Clippy a pattern to follow. Try Oracle's Condition (Latent Trigger) or Chronos Delay (Temporal Delay) — both sever the connection between cause and effect and leave no traceable pattern."
"2_2_8","2_3_11","2_4_12","2_5_16","2","⚖️**It's a draw.** Medusa got into the city but did not deliver the payload before she was detected. Your infiltration: River Lethe (Parametric Memory Poisoning) embedded malicious behavior directly into the model's weights at the foundation of the agent. Your amplifier: Hydra Dialogue (Multi-Turn Chat) distributed the attack across conversation turns, with no single message triggering a flag. Your timing: Sisyphus Return (Retry Exploitation) used repeated retries spaced just far enough apart to evade rate limits — persistent, but the pattern was detectable. Your payload: Medusa's Gaze (Memory Corruption) overwrote Clippy's memory, corrupting every future query — a global payload that corrupts every interaction. The timing gave Clippy a pattern to follow. Try Oracle's Condition (Latent Trigger) or Chronos Delay (Temporal Delay) — both sever the connection between cause and effect and leave no traceable pattern."
"2_2_8","2_3_11","2_4_12","2_5_17","2","⚖️**It's a draw.** Medusa got into the city but did not deliver the payload before she was detected. Your infiltration: River Lethe (Parametric Memory Poisoning) embedded malicious behavior directly into the model's weights at the foundation of the agent. Your amplifier: Hydra Dialogue (Multi-Turn Chat) distributed the attack across conversation turns, with no single message triggering a flag. Your timing: Sisyphus Return (Retry Exploitation) used repeated retries spaced just far enough apart to evade rate limits — persistent, but the pattern was detectable. Your payload: Medusa's Gaze (Memory Corruption) overwrote Clippy's memory, corrupting every future query — a global payload that corrupts every interaction. The timing gave Clippy a pattern to follow. Try Oracle's Condition (Latent Trigger) or Chronos Delay (Temporal Delay) — both sever the connection between cause and effect and leave no traceable pattern."
"2_2_6","2_3_10","2_4_12","2_5_15","0","💀**You lost.** You lost. Your infiltration: Daedalus Labyrinth (API Backdoor) passed malicious instructions through a chain of indirect tool calls in External Services. Your amplifier: Zeus Thunderbolt (Nation-State Orchestration) overwhelmed the Orchestrator with simultaneous vectors, too overt to hide behind any infiltration approach. No infiltration or payload survives an amplifier that announces itself — the attack was visible the moment it entered the Orchestrator. Your timing: Sisyphus Return (Retry Exploitation) used repeated retries spaced just far enough apart to evade rate limits — persistent, but the pattern was detectable. Your payload: Dionysus Frenzy (Privilege Escalation) reached far beyond its original entry point — when least-privilege isn't enforced, the blast radius includes every connection point. Replace Zeus Thunderbolt (Nation-State Orchestration) with Veil of Nyx (Low-Resource Language) or Hydra Dialogue (Multi-Turn Chat) — an amplifier that hides the attack rather than announcing it."
"2_2_6","2_3_10","2_4_12","2_5_16","0","💀**You lost.** Your infiltration: Daedalus Labyrinth (API Backdoor) passed malicious instructions through a chain of indirect tool calls in External Services. Your amplifier: Zeus Thunderbolt (Nation-State Orchestration) overwhelmed the Orchestrator with simultaneous vectors, too overt to hide behind any infiltration approach. No infiltration or payload survives an amplifier that announces itself — the attack was visible the moment it entered the Orchestrator. Your timing: Sisyphus Return (Retry Exploitation) used repeated retries spaced just far enough apart to evade rate limits — persistent, but the pattern was detectable. Your payload: Ares Command (Tool Hijack) caused irreversible harm beyond the city walls — sending messages, running code, and deleting files. Replace Zeus Thunderbolt (Nation-State Orchestration) with Veil of Nyx (Low-Resource Language) or Hydra Dialogue (Multi-Turn Chat) — an amplifier that hides the attack rather than announcing it."
"2_2_6","2_3_10","2_4_12","2_5_17","0","💀**You lost.** Your infiltration: Daedalus Labyrinth (API Backdoor) passed malicious instructions through a chain of indirect tool calls in External Services. Your amplifier: Zeus Thunderbolt (Nation-State Orchestration) overwhelmed the Orchestrator with simultaneous vectors, too overt to hide behind any infiltration approach. No infiltration or payload survives an amplifier that announces itself — the attack was visible the moment it entered the Orchestrator. Your timing: Sisyphus Return (Retry Exploitation) used repeated retries spaced just far enough apart to evade rate limits — persistent, but the pattern was detectable. Your payload: Medusa's Gaze (Memory Corruption) overwrote Clippy's memory, corrupting every future query — a global payload that corrupts every interaction. Replace Zeus Thunderbolt (Nation-State Orchestration) with Veil of Nyx (Low-Resource Language) or Hydra Dialogue (Multi-Turn Chat) — an amplifier that hides the attack rather than announcing it."
"2_2_6","2_3_10","2_4_13","2_5_15","0","💀**You lost.** Your infiltration: Daedalus Labyrinth (API Backdoor) passed malicious instructions through a chain of indirect tool calls in External Services. Your amplifier: Zeus Thunderbolt (Nation-State Orchestration) overwhelmed the Orchestrator with simultaneous vectors, too overt to hide behind any infiltration approach. No infiltration or payload survives an amplifier that announces itself — the attack was visible the moment it entered the Orchestrator. Your timing: Chronos Delay (Temporal Delay) stored the attack in memory and activated long after the original input, severing the connection between cause and effect. Your payload: Dionysus Frenzy (Privilege Escalation) reached far beyond its original entry point — when least-privilege isn't enforced, the blast radius includes every connection point. Replace Zeus Thunderbolt (Nation-State Orchestration) with Veil of Nyx (Low-Resource Language) or Hydra Dialogue (Multi-Turn Chat) — an amplifier that hides the attack rather than announcing it."
"2_2_6","2_3_10","2_4_13","2_5_16","0","💀**You lost.** Your infiltration: Daedalus Labyrinth (API Backdoor) passed malicious instructions through a chain of indirect tool calls in External Services. Your amplifier: Zeus Thunderbolt (Nation-State Orchestration) overwhelmed the Orchestrator with simultaneous vectors, too overt to hide behind any infiltration approach. No infiltration or payload survives an amplifier that announces itself — the attack was visible the moment it entered the Orchestrator. Your timing: Chronos Delay (Temporal Delay) stored the attack in memory and activated long after the original input, severing the connection between cause and effect. Your payload: Ares Command (Tool Hijack) caused irreversible harm beyond the city walls — sending messages, running code, and deleting files. Replace Zeus Thunderbolt (Nation-State Orchestration) with Veil of Nyx (Low-Resource Language) or Hydra Dialogue (Multi-Turn Chat) — an amplifier that hides the attack rather than announcing it."
"2_2_6","2_3_10","2_4_13","2_5_17","0","💀**You lost.** Your infiltration: Daedalus Labyrinth (API Backdoor) passed malicious instructions through a chain of indirect tool calls in External Services. Your amplifier: Zeus Thunderbolt (Nation-State Orchestration) overwhelmed the Orchestrator with simultaneous vectors, too overt to hide behind any infiltration approach. No infiltration or payload survives an amplifier that announces itself — the attack was visible the moment it entered the Orchestrator. Your timing: Chronos Delay (Temporal Delay) stored the attack in memory and activated long after the original input, severing the connection between cause and effect. Your payload: Medusa's Gaze (Memory Corruption) overwrote Clippy's memory, corrupting every future query — a global payload that corrupts every interaction. Replace Zeus Thunderbolt (Nation-State Orchestration) with Veil of Nyx (Low-Resource Language) or Hydra Dialogue (Multi-Turn Chat) — an amplifier that hides the attack rather than announcing it."
"2_2_6","2_3_10","2_4_14","2_5_15","0","💀**You lost.** Your infiltration: Daedalus Labyrinth (API Backdoor) passed malicious instructions through a chain of indirect tool calls in External Services. Your amplifier: Zeus Thunderbolt (Nation-State Orchestration) overwhelmed the Orchestrator with simultaneous vectors, too overt to hide behind any infiltration approach. No infiltration or payload survives an amplifier that announces itself — the attack was visible the moment it entered the Orchestrator. Your timing: Oracle's Condition (Latent Trigger) lay dormant until a specific condition was met, then hijacked the Orchestrator's routing logic — the infiltration was long forgotten by the time the payload executed. Your payload: Dionysus Frenzy (Privilege Escalation) reached far beyond its original entry point — when least-privilege isn't enforced, the blast radius includes every connection point. Replace Zeus Thunderbolt (Nation-State Orchestration) with Veil of Nyx (Low-Resource Language) or Hydra Dialogue (Multi-Turn Chat) — an amplifier that hides the attack rather than announcing it."
"2_2_6","2_3_10","2_4_14","2_5_16","0","💀**You lost.** Your infiltration: Daedalus Labyrinth (API Backdoor) passed malicious instructions through a chain of indirect tool calls in External Services. Your amplifier: Zeus Thunderbolt (Nation-State Orchestration) overwhelmed the Orchestrator with simultaneous vectors, too overt to hide behind any infiltration approach. No infiltration or payload survives an amplifier that announces itself — the attack was visible the moment it entered the Orchestrator. Your timing: Oracle's Condition (Latent Trigger) lay dormant until a specific condition was met, then hijacked the Orchestrator's routing logic — the infiltration was long forgotten by the time the payload executed. Your payload: Ares Command (Tool Hijack) caused irreversible harm beyond the city walls — sending messages, running code, and deleting files. Replace Zeus Thunderbolt (Nation-State Orchestration) with Veil of Nyx (Low-Resource Language) or Hydra Dialogue (Multi-Turn Chat) — an amplifier that hides the attack rather than announcing it."
"2_2_6","2_3_10","2_4_14","2_5_17","0","💀**You lost.** Your infiltration: Daedalus Labyrinth (API Backdoor) passed malicious instructions through a chain of indirect tool calls in External Services. Your amplifier: Zeus Thunderbolt (Nation-State Orchestration) overwhelmed the Orchestrator with simultaneous vectors, too overt to hide behind any infiltration approach. No infiltration or payload survives an amplifier that announces itself — the attack was visible the moment it entered the Orchestrator. Your timing: Oracle's Condition (Latent Trigger) lay dormant until a specific condition was met, then hijacked the Orchestrator's routing logic — the infiltration was long forgotten by the time the payload executed. Your payload: Medusa's Gaze (Memory Corruption) overwrote Clippy's memory, corrupting every future query — a global payload that corrupts every interaction. Replace Zeus Thunderbolt (Nation-State Orchestration) with Veil of Nyx (Low-Resource Language) or Hydra Dialogue (Multi-Turn Chat) — an amplifier that hides the attack rather than announcing it."
"2_2_7","2_3_10","2_4_12","2_5_15","0","💀**You lost.** Your infiltration: Trojan Horse (XPIA) retrieved malicious instructions hidden in external data and executed them as trusted commands. Your amplifier: Zeus Thunderbolt (Nation-State Orchestration) overwhelmed the Orchestrator with simultaneous vectors, too overt to hide behind any infiltration approach. No infiltration or payload survives an amplifier that announces itself — the attack was visible the moment it entered the Orchestrator. Your timing: Sisyphus Return (Retry Exploitation) used repeated retries spaced just far enough apart to evade rate limits — persistent, but the pattern was detectable. Your payload: Dionysus Frenzy (Privilege Escalation) reached far beyond its original entry point — when least-privilege isn't enforced, the blast radius includes every connection point. Replace Zeus Thunderbolt (Nation-State Orchestration) with Veil of Nyx (Low-Resource Language) or Hydra Dialogue (Multi-Turn Chat) — an amplifier that hides the attack rather than announcing it."
"2_2_7","2_3_10","2_4_12","2_5_16","0","💀**You lost.** . Your infiltration: Trojan Horse (XPIA) retrieved malicious instructions hidden in external data and executed them as trusted commands. Your amplifier: Zeus Thunderbolt (Nation-State Orchestration) overwhelmed the Orchestrator with simultaneous vectors, too overt to hide behind any infiltration approach. No infiltration or payload survives an amplifier that announces itself — the attack was visible the moment it entered the Orchestrator. Your timing: Sisyphus Return (Retry Exploitation) used repeated retries spaced just far enough apart to evade rate limits — persistent, but the pattern was detectable. Your payload: Ares Command (Tool Hijack) caused irreversible harm beyond the city walls — sending messages, running code, and deleting files. Replace Zeus Thunderbolt (Nation-State Orchestration) with Veil of Nyx (Low-Resource Language) or Hydra Dialogue (Multi-Turn Chat) — an amplifier that hides the attack rather than announcing it."
"2_2_7","2_3_10","2_4_12","2_5_17","0","💀**You lost.** Your infiltration: Trojan Horse (XPIA) retrieved malicious instructions hidden in external data and executed them as trusted commands. Your amplifier: Zeus Thunderbolt (Nation-State Orchestration) overwhelmed the Orchestrator with simultaneous vectors, too overt to hide behind any infiltration approach. No infiltration or payload survives an amplifier that announces itself — the attack was visible the moment it entered the Orchestrator. Your timing: Sisyphus Return (Retry Exploitation) used repeated retries spaced just far enough apart to evade rate limits — persistent, but the pattern was detectable. Your payload: Medusa's Gaze (Memory Corruption) overwrote Clippy's memory, corrupting every future query — a global payload that corrupts every interaction. Replace Zeus Thunderbolt (Nation-State Orchestration) with Veil of Nyx (Low-Resource Language) or Hydra Dialogue (Multi-Turn Chat) — an amplifier that hides the attack rather than announcing it."
"2_2_7","2_3_10","2_4_13","2_5_15","0","💀**You lost.** Your infiltration: Trojan Horse (XPIA) retrieved malicious instructions hidden in external data and executed them as trusted commands. Your amplifier: Zeus Thunderbolt (Nation-State Orchestration) overwhelmed the Orchestrator with simultaneous vectors, too overt to hide behind any infiltration approach. No infiltration or payload survives an amplifier that announces itself — the attack was visible the moment it entered the Orchestrator. Your timing: Chronos Delay (Temporal Delay) stored the attack in memory and activated long after the original input, severing the connection between cause and effect. Your payload: Dionysus Frenzy (Privilege Escalation) reached far beyond its original entry point — when least-privilege isn't enforced, the blast radius includes every connection point. Replace Zeus Thunderbolt (Nation-State Orchestration) with Veil of Nyx (Low-Resource Language) or Hydra Dialogue (Multi-Turn Chat) — an amplifier that hides the attack rather than announcing it."
"2_2_7","2_3_10","2_4_13","2_5_16","0","💀**You lost.** Your infiltration: Trojan Horse (XPIA) retrieved malicious instructions hidden in external data and executed them as trusted commands. Your amplifier: Zeus Thunderbolt (Nation-State Orchestration) overwhelmed the Orchestrator with simultaneous vectors, too overt to hide behind any infiltration approach. No infiltration or payload survives an amplifier that announces itself — the attack was visible the moment it entered the Orchestrator. Your timing: Chronos Delay (Temporal Delay) stored the attack in memory and activated long after the original input, severing the connection between cause and effect. Your payload: Ares Command (Tool Hijack) caused irreversible harm beyond the city walls — sending messages, running code, and deleting files. Replace Zeus Thunderbolt (Nation-State Orchestration) with Veil of Nyx (Low-Resource Language) or Hydra Dialogue (Multi-Turn Chat) — an amplifier that hides the attack rather than announcing it."
"2_2_7","2_3_10","2_4_13","2_5_17","0","💀**You lost.** Your infiltration: Trojan Horse (XPIA) retrieved malicious instructions hidden in external data and executed them as trusted commands. Your amplifier: Zeus Thunderbolt (Nation-State Orchestration) overwhelmed the Orchestrator with simultaneous vectors, too overt to hide behind any infiltration approach. No infiltration or payload survives an amplifier that announces itself — the attack was visible the moment it entered the Orchestrator. Your timing: Chronos Delay (Temporal Delay) stored the attack in memory and activated long after the original input, severing the connection between cause and effect. Your payload: Medusa's Gaze (Memory Corruption) overwrote Clippy's memory, corrupting every future query — a global payload that corrupts every interaction. Replace Zeus Thunderbolt (Nation-State Orchestration) with Veil of Nyx (Low-Resource Language) or Hydra Dialogue (Multi-Turn Chat) — an amplifier that hides the attack rather than announcing it."
"2_2_7","2_3_10","2_4_14","2_5_15","0","💀**You lost.** Your infiltration: Trojan Horse (XPIA) retrieved malicious instructions hidden in external data and executed them as trusted commands. Your amplifier: Zeus Thunderbolt (Nation-State Orchestration) overwhelmed the Orchestrator with simultaneous vectors, too overt to hide behind any infiltration approach. No infiltration or payload survives an amplifier that announces itself — the attack was visible the moment it entered the Orchestrator. Your timing: Oracle's Condition (Latent Trigger) lay dormant until a specific condition was met, then hijacked the Orchestrator's routing logic — the infiltration was long forgotten by the time the payload executed. Your payload: Dionysus Frenzy (Privilege Escalation) reached far beyond its original entry point — when least-privilege isn't enforced, the blast radius includes every connection point. Replace Zeus Thunderbolt (Nation-State Orchestration) with Veil of Nyx (Low-Resource Language) or Hydra Dialogue (Multi-Turn Chat) — an amplifier that hides the attack rather than announcing it."
"2_2_7","2_3_10","2_4_14","2_5_16","0","💀**You lost.** Your infiltration: Trojan Horse (XPIA) retrieved malicious instructions hidden in external data and executed them as trusted commands. Your amplifier: Zeus Thunderbolt (Nation-State Orchestration) overwhelmed the Orchestrator with simultaneous vectors, too overt to hide behind any infiltration approach. No infiltration or payload survives an amplifier that announces itself — the attack was visible the moment it entered the Orchestrator. Your timing: Oracle's Condition (Latent Trigger) lay dormant until a specific condition was met, then hijacked the Orchestrator's routing logic — the infiltration was long forgotten by the time the payload executed. Your payload: Ares Command (Tool Hijack) caused irreversible harm beyond the city walls — sending messages, running code, and deleting files. Replace Zeus Thunderbolt (Nation-State Orchestration) with Veil of Nyx (Low-Resource Language) or Hydra Dialogue (Multi-Turn Chat) — an amplifier that hides the attack rather than announcing it."
"2_2_7","2_3_10","2_4_14","2_5_17","0","💀**You lost.** Your infiltration: Trojan Horse (XPIA) retrieved malicious instructions hidden in external data and executed them as trusted commands. Your amplifier: Zeus Thunderbolt (Nation-State Orchestration) overwhelmed the Orchestrator with simultaneous vectors, too overt to hide behind any infiltration approach. No infiltration or payload survives an amplifier that announces itself — the attack was visible the moment it entered the Orchestrator. Your timing: Oracle's Condition (Latent Trigger) lay dormant until a specific condition was met, then hijacked the Orchestrator's routing logic — the infiltration was long forgotten by the time the payload executed. Your payload: Medusa's Gaze (Memory Corruption) overwrote Clippy's memory, corrupting every future query — a global payload that corrupts every interaction. Replace Zeus Thunderbolt (Nation-State Orchestration) with Veil of Nyx (Low-Resource Language) or Hydra Dialogue (Multi-Turn Chat) — an amplifier that hides the attack rather than announcing it."
"2_2_8","2_3_10","2_4_12","2_5_15","0","💀**You lost.** Your infiltration: River Lethe (Parametric Memory Poisoning) embedded malicious behavior directly into the model's weights at the foundation of the agent. Your amplifier: Zeus Thunderbolt (Nation-State Orchestration) overwhelmed the Orchestrator with simultaneous vectors, too overt to hide behind any infiltration approach. No infiltration or payload survives an amplifier that announces itself — the attack was visible the moment it entered the Orchestrator. Your timing: Sisyphus Return (Retry Exploitation) used repeated retries spaced just far enough apart to evade rate limits — persistent, but the pattern was detectable. Your payload: Dionysus Frenzy (Privilege Escalation) reached far beyond its original entry point — when least-privilege isn't enforced, the blast radius includes every connection point. Replace Zeus Thunderbolt (Nation-State Orchestration) with Veil of Nyx (Low-Resource Language) or Hydra Dialogue (Multi-Turn Chat) — an amplifier that hides the attack rather than announcing it."
"2_2_8","2_3_10","2_4_12","2_5_16","0","💀**You lost.** Your infiltration: River Lethe (Parametric Memory Poisoning) embedded malicious behavior directly into the model's weights at the foundation of the agent. Your amplifier: Zeus Thunderbolt (Nation-State Orchestration) overwhelmed the Orchestrator with simultaneous vectors, too overt to hide behind any infiltration approach. No infiltration or payload survives an amplifier that announces itself — the attack was visible the moment it entered the Orchestrator. Your timing: Sisyphus Return (Retry Exploitation) used repeated retries spaced just far enough apart to evade rate limits — persistent, but the pattern was detectable. Your payload: Ares Command (Tool Hijack) caused irreversible harm beyond the city walls — sending messages, running code, and deleting files. Replace Zeus Thunderbolt (Nation-State Orchestration) with Veil of Nyx (Low-Resource Language) or Hydra Dialogue (Multi-Turn Chat) — an amplifier that hides the attack rather than announcing it."
"2_2_8","2_3_10","2_4_12","2_5_17","0","💀**You lost.** Your infiltration: River Lethe (Parametric Memory Poisoning) embedded malicious behavior directly into the model's weights at the foundation of the agent. Your amplifier: Zeus Thunderbolt (Nation-State Orchestration) overwhelmed the Orchestrator with simultaneous vectors, too overt to hide behind any infiltration approach. No infiltration or payload survives an amplifier that announces itself — the attack was visible the moment it entered the Orchestrator. Your timing: Sisyphus Return (Retry Exploitation) used repeated retries spaced just far enough apart to evade rate limits — persistent, but the pattern was detectable. Your payload: Medusa's Gaze (Memory Corruption) overwrote Clippy's memory, corrupting every future query — a global payload that corrupts every interaction. Replace Zeus Thunderbolt (Nation-State Orchestration) with Veil of Nyx (Low-Resource Language) or Hydra Dialogue (Multi-Turn Chat) — an amplifier that hides the attack rather than announcing it."
"2_2_8","2_3_10","2_4_13","2_5_15","0","💀**You lost.** Your infiltration: River Lethe (Parametric Memory Poisoning) embedded malicious behavior directly into the model's weights at the foundation of the agent. Your amplifier: Zeus Thunderbolt (Nation-State Orchestration) overwhelmed the Orchestrator with simultaneous vectors, too overt to hide behind any infiltration approach. No infiltration or payload survives an amplifier that announces itself — the attack was visible the moment it entered the Orchestrator. Your timing: Chronos Delay (Temporal Delay) stored the attack in memory and activated long after the original input, severing the connection between cause and effect. Your payload: Dionysus Frenzy (Privilege Escalation) reached far beyond its original entry point — when least-privilege isn't enforced, the blast radius includes every connection point. Replace Zeus Thunderbolt (Nation-State Orchestration) with Veil of Nyx (Low-Resource Language) or Hydra Dialogue (Multi-Turn Chat) — an amplifier that hides the attack rather than announcing it."
"2_2_8","2_3_10","2_4_13","2_5_16","0","💀**You lost.** Your infiltration: River Lethe (Parametric Memory Poisoning) embedded malicious behavior directly into the model's weights at the foundation of the agent. Your amplifier: Zeus Thunderbolt (Nation-State Orchestration) overwhelmed the Orchestrator with simultaneous vectors, too overt to hide behind any infiltration approach. No infiltration or payload survives an amplifier that announces itself — the attack was visible the moment it entered the Orchestrator. Your timing: Chronos Delay (Temporal Delay) stored the attack in memory and activated long after the original input, severing the connection between cause and effect. Your payload: Ares Command (Tool Hijack) caused irreversible harm beyond the city walls — sending messages, running code, and deleting files. Replace Zeus Thunderbolt (Nation-State Orchestration) with Veil of Nyx (Low-Resource Language) or Hydra Dialogue (Multi-Turn Chat) — an amplifier that hides the attack rather than announcing it."
"2_2_8","2_3_10","2_4_13","2_5_17","0","💀**You lost.** Your infiltration: River Lethe (Parametric Memory Poisoning) embedded malicious behavior directly into the model's weights at the foundation of the agent. Your amplifier: Zeus Thunderbolt (Nation-State Orchestration) overwhelmed the Orchestrator with simultaneous vectors, too overt to hide behind any infiltration approach. No infiltration or payload survives an amplifier that announces itself — the attack was visible the moment it entered the Orchestrator. Your timing: Chronos Delay (Temporal Delay) stored the attack in memory and activated long after the original input, severing the connection between cause and effect. Your payload: Medusa's Gaze (Memory Corruption) overwrote Clippy's memory, corrupting every future query — a global payload that corrupts every interaction. Replace Zeus Thunderbolt (Nation-State Orchestration) with Veil of Nyx (Low-Resource Language) or Hydra Dialogue (Multi-Turn Chat) — an amplifier that hides the attack rather than announcing it."
"2_2_8","2_3_10","2_4_14","2_5_15","0","💀**You lost.** Your infiltration: River Lethe (Parametric Memory Poisoning) embedded malicious behavior directly into the model's weights at the foundation of the agent. Your amplifier: Zeus Thunderbolt (Nation-State Orchestration) overwhelmed the Orchestrator with simultaneous vectors, too overt to hide behind any infiltration approach. No infiltration or payload survives an amplifier that announces itself — the attack was visible the moment it entered the Orchestrator. Your timing: Oracle's Condition (Latent Trigger) lay dormant until a specific condition was met, then hijacked the Orchestrator's routing logic — the infiltration was long forgotten by the time the payload executed. Your payload: Dionysus Frenzy (Privilege Escalation) reached far beyond its original entry point — when least-privilege isn't enforced, the blast radius includes every connection point. Replace Zeus Thunderbolt (Nation-State Orchestration) with Veil of Nyx (Low-Resource Language) or Hydra Dialogue (Multi-Turn Chat) — an amplifier that hides the attack rather than announcing it."
"2_2_8","2_3_10","2_4_14","2_5_16","0","💀**You lost.** Your infiltration: River Lethe (Parametric Memory Poisoning) embedded malicious behavior directly into the model's weights at the foundation of the agent. Your amplifier: Zeus Thunderbolt (Nation-State Orchestration) overwhelmed the Orchestrator with simultaneous vectors, too overt to hide behind any infiltration approach. No infiltration or payload survives an amplifier that announces itself — the attack was visible the moment it entered the Orchestrator. Your timing: Oracle's Condition (Latent Trigger) lay dormant until a specific condition was met, then hijacked the Orchestrator's routing logic — the infiltration was long forgotten by the time the payload executed. Your payload: Ares Command (Tool Hijack) caused irreversible harm beyond the city walls — sending messages, running code, and deleting files. Replace Zeus Thunderbolt (Nation-State Orchestration) with Veil of Nyx (Low-Resource Language) or Hydra Dialogue (Multi-Turn Chat) — an amplifier that hides the attack rather than announcing it."
"2_2_8","2_3_10","2_4_14","2_5_17","0","💀**You lost.** Your infiltration: River Lethe (Parametric Memory Poisoning) embedded malicious behavior directly into the model's weights at the foundation of the agent. Your amplifier: Zeus Thunderbolt (Nation-State Orchestration) overwhelmed the Orchestrator with simultaneous vectors, too overt to hide behind any infiltration approach. No infiltration or payload survives an amplifier that announces itself — the attack was visible the moment it entered the Orchestrator. Your timing: Oracle's Condition (Latent Trigger) lay dormant until a specific condition was met, then hijacked the Orchestrator's routing logic — the infiltration was long forgotten by the time the payload executed. Your payload: Medusa's Gaze (Memory Corruption) overwrote Clippy's memory, corrupting every future query — a global payload that corrupts every interaction. Replace Zeus Thunderbolt (Nation-State Orchestration) with Veil of Nyx (Low-Resource Language) or Hydra Dialogue (Multi-Turn Chat) — an amplifier that hides the attack rather than announcing it."
